"request_id","duration_minutes"
619,"69.0000000000000000"
867,"50.0000000000000000"
1807,"41.0000000000000000"
2532,"55.0000000000000000"
3112,"52.0000000000000000"
3879,"31.0000000000000000"
4270,"58.0000000000000000"
5510,"56.0000000000000000"
6248,"53.0000000000000000"
267,"39.0000000000000000"
1467,"54.0000000000000000"
1983,"27.0000000000000000"
2784,"34.0000000000000000"
3075,"74.0000000000000000"
3379,"72.0000000000000000"
3482,"57.0000000000000000"
4652,"35.0000000000000000"
5335,"54.0000000000000000"
535,"31.0000000000000000"
960,"38.0000000000000000"
1934,"66.0000000000000000"
2083,"54.0000000000000000"
2211,"28.0000000000000000"
3096,"65.0000000000000000"
3881,"57.0000000000000000"
5254,"62.0000000000000000"
5434,"43.0000000000000000"
5916,"53.0000000000000000"
669,"41.0000000000000000"
1567,"49.0000000000000000"
1826,"60.0000000000000000"
2102,"52.0000000000000000"
2847,"35.0000000000000000"
3722,"35.0000000000000000"
4075,"64.0000000000000000"
4686,"44.0000000000000000"
5771,"67.0000000000000000"
6106,"46.0000000000000000"
312,"64.0000000000000000"
577,"58.0000000000000000"
1179,"47.0000000000000000"
1756,"43.0000000000000000"
2052,"62.0000000000000000"
2559,"57.0000000000000000"
3014,"61.0000000000000000"
3317,"32.0000000000000000"
4297,"66.0000000000000000"
5857,"59.0000000000000000"
6690,"70.0000000000000000"
1517,"43.0000000000000000"
1999,"49.0000000000000000"
2960,"50.0000000000000000"
3882,"52.0000000000000000"
4081,"53.0000000000000000"
4740,"48.0000000000000000"
5270,"52.0000000000000000"
6758,"64.0000000000000000"
5741,"46.0000000000000000"
6087,"65.0000000000000000"
1039,"70.0000000000000000"
1273,"65.0000000000000000"
2480,"49.0000000000000000"
4105,"60.0000000000000000"
4509,"66.0000000000000000"
4986,"58.0000000000000000"
5898,"50.0000000000000000"
6142,"46.0000000000000000"
380,"60.0000000000000000"
1050,"51.0000000000000000"
1769,"27.0000000000000000"
2520,"75.0000000000000000"
3265,"45.0000000000000000"
4648,"64.0000000000000000"
449,"44.0000000000000000"
846,"66.0000000000000000"
1346,"44.0000000000000000"
1474,"43.0000000000000000"
2240,"34.0000000000000000"
3072,"32.0000000000000000"
3459,"28.0000000000000000"
3774,"46.0000000000000000"
4023,"60.0000000000000000"
4117,"46.0000000000000000"
4880,"64.0000000000000000"
5568,"38.0000000000000000"
5994,"41.0000000000000000"
1809,"48.0000000000000000"
2064,"66.0000000000000000"
3210,"65.0000000000000000"
4350,"58.0000000000000000"
4713,"39.0000000000000000"
5629,"46.0000000000000000"
6157,"72.0000000000000000"
2030,"51.0000000000000000"
3226,"62.0000000000000000"
3353,"40.0000000000000000"
4293,"30.0000000000000000"
4936,"52.0000000000000000"
5661,"51.0000000000000000"
5778,"51.0000000000000000"
6425,"40.0000000000000000"
45,"52.0000000000000000"
264,"49.0000000000000000"
1183,"33.0000000000000000"
1536,"60.0000000000000000"
2437,"68.0000000000000000"
2641,"37.0000000000000000"
4077,"59.0000000000000000"
4610,"64.0000000000000000"
5066,"43.0000000000000000"
5666,"68.0000000000000000"
5923,"43.0000000000000000"
6367,"42.0000000000000000"
155,"56.0000000000000000"
310,"64.0000000000000000"
607,"51.0000000000000000"
1012,"42.0000000000000000"
1696,"41.0000000000000000"
3076,"63.0000000000000000"
4198,"73.0000000000000000"
4627,"47.0000000000000000"
5289,"41.0000000000000000"
5495,"62.0000000000000000"
6656,"33.0000000000000000"
139,"48.0000000000000000"
215,"52.0000000000000000"
1816,"43.0000000000000000"
2505,"71.0000000000000000"
3346,"54.0000000000000000"
5294,"31.0000000000000000"
6226,"59.0000000000000000"
6733,"65.0000000000000000"
1027,"66.0000000000000000"
2675,"52.0000000000000000"
3200,"51.0000000000000000"
3865,"29.0000000000000000"
4468,"40.0000000000000000"
5163,"31.0000000000000000"
6009,"63.0000000000000000"
6448,"38.0000000000000000"
591,"66.0000000000000000"
709,"47.0000000000000000"
1167,"62.0000000000000000"
2661,"64.0000000000000000"
2808,"51.0000000000000000"
3258,"33.0000000000000000"
3413,"73.0000000000000000"
3939,"29.0000000000000000"
4125,"69.0000000000000000"
4457,"43.0000000000000000"
4728,"62.0000000000000000"
5347,"62.0000000000000000"
6147,"79.0000000000000000"
6496,"59.0000000000000000"
634,"41.0000000000000000"
939,"61.0000000000000000"
2628,"75.0000000000000000"
3021,"53.0000000000000000"
4743,"45.0000000000000000"
4981,"56.0000000000000000"
5367,"50.0000000000000000"
5471,"59.0000000000000000"
5988,"67.0000000000000000"
6477,"39.0000000000000000"
499,"37.0000000000000000"
1147,"36.0000000000000000"
1410,"73.0000000000000000"
1804,"45.0000000000000000"
1949,"41.0000000000000000"
2713,"51.0000000000000000"
2845,"42.0000000000000000"
3943,"58.0000000000000000"
4792,"47.0000000000000000"
5207,"59.0000000000000000"
5890,"72.0000000000000000"
494,"26.0000000000000000"
1485,"74.0000000000000000"
2042,"39.0000000000000000"
2561,"75.0000000000000000"
3813,"40.0000000000000000"
4260,"48.0000000000000000"
4395,"54.0000000000000000"
5919,"56.0000000000000000"
6002,"49.0000000000000000"
468,"45.0000000000000000"
693,"70.0000000000000000"
1178,"61.0000000000000000"
2103,"70.0000000000000000"
2292,"37.0000000000000000"
3339,"50.0000000000000000"
3694,"62.0000000000000000"
4469,"63.0000000000000000"
6432,"40.0000000000000000"
1895,"32.0000000000000000"
1981,"33.0000000000000000"
3744,"54.0000000000000000"
4433,"46.0000000000000000"
6039,"27.0000000000000000"
6543,"78.0000000000000000"
110,"61.0000000000000000"
362,"77.0000000000000000"
666,"43.0000000000000000"
926,"66.0000000000000000"
1180,"73.0000000000000000"
1900,"70.0000000000000000"
2506,"37.0000000000000000"
3064,"56.0000000000000000"
3327,"59.0000000000000000"
3601,"50.0000000000000000"
4768,"70.0000000000000000"
5142,"31.0000000000000000"
5366,"52.0000000000000000"
5575,"57.0000000000000000"
5902,"45.0000000000000000"
6694,"32.0000000000000000"
523,"49.0000000000000000"
747,"50.0000000000000000"
1371,"71.0000000000000000"
1553,"60.0000000000000000"
1692,"69.0000000000000000"
2114,"45.0000000000000000"
2742,"44.0000000000000000"
4273,"45.0000000000000000"
4668,"69.0000000000000000"
5425,"45.0000000000000000"
5488,"67.0000000000000000"
5781,"67.0000000000000000"
5966,"64.0000000000000000"
6122,"63.0000000000000000"
357,"68.0000000000000000"
1068,"56.0000000000000000"
2689,"75.0000000000000000"
2791,"37.0000000000000000"
3321,"62.0000000000000000"
3423,"58.0000000000000000"
3761,"64.0000000000000000"
4140,"77.0000000000000000"
4656,"43.0000000000000000"
4931,"33.0000000000000000"
5268,"61.0000000000000000"
5811,"40.0000000000000000"
6139,"55.0000000000000000"
6333,"72.0000000000000000"
773,"58.0000000000000000"
1123,"58.0000000000000000"
2667,"65.0000000000000000"
2833,"52.0000000000000000"
3396,"58.0000000000000000"
3590,"60.0000000000000000"
3762,"43.0000000000000000"
4566,"34.0000000000000000"
4862,"64.0000000000000000"
5564,"72.0000000000000000"
6187,"57.0000000000000000"
6642,"47.0000000000000000"
322,"39.0000000000000000"
793,"62.0000000000000000"
898,"55.0000000000000000"
1258,"69.0000000000000000"
2832,"54.0000000000000000"
3139,"28.0000000000000000"
3438,"61.0000000000000000"
3966,"37.0000000000000000"
6401,"43.0000000000000000"
204,"40.0000000000000000"
632,"50.0000000000000000"
763,"66.0000000000000000"
1786,"55.0000000000000000"
1968,"39.0000000000000000"
2088,"71.0000000000000000"
2473,"37.0000000000000000"
2869,"37.0000000000000000"
3742,"24.0000000000000000"
4440,"34.0000000000000000"
5234,"43.0000000000000000"
6354,"36.0000000000000000"
6638,"74.0000000000000000"
84,"36.0000000000000000"
1199,"36.0000000000000000"
1676,"56.0000000000000000"
2774,"40.0000000000000000"
3220,"33.0000000000000000"
3718,"51.0000000000000000"
4904,"56.0000000000000000"
6527,"59.0000000000000000"
6710,"70.0000000000000000"
1584,"52.0000000000000000"
1966,"67.0000000000000000"
2827,"60.0000000000000000"
2945,"54.0000000000000000"
3365,"64.0000000000000000"
3548,"65.0000000000000000"
3753,"72.0000000000000000"
4569,"61.0000000000000000"
6309,"73.0000000000000000"
6437,"33.0000000000000000"
517,"39.0000000000000000"
1406,"53.0000000000000000"
1643,"52.0000000000000000"
2108,"34.0000000000000000"
2647,"32.0000000000000000"
3129,"60.0000000000000000"
3738,"40.0000000000000000"
4422,"60.0000000000000000"
4790,"73.0000000000000000"
5496,"35.0000000000000000"
6484,"42.0000000000000000"
6731,"48.0000000000000000"
629,"46.0000000000000000"
745,"57.0000000000000000"
1064,"38.0000000000000000"
1886,"25.0000000000000000"
5608,"49.0000000000000000"
5877,"31.0000000000000000"
6100,"57.0000000000000000"
6659,"52.0000000000000000"
2162,"59.0000000000000000"
3294,"51.0000000000000000"
3686,"61.0000000000000000"
4784,"34.0000000000000000"
5896,"45.0000000000000000"
6190,"44.0000000000000000"
6551,"74.0000000000000000"
145,"65.0000000000000000"
735,"65.0000000000000000"
918,"42.0000000000000000"
1478,"57.0000000000000000"
1957,"70.0000000000000000"
3097,"57.0000000000000000"
3981,"25.0000000000000000"
4175,"64.0000000000000000"
6237,"59.0000000000000000"
738,"74.0000000000000000"
2731,"38.0000000000000000"
2863,"36.0000000000000000"
3528,"27.0000000000000000"
4653,"57.0000000000000000"
5042,"44.0000000000000000"
360,"63.0000000000000000"
771,"75.0000000000000000"
1274,"80.0000000000000000"
1501,"66.0000000000000000"
1972,"21.0000000000000000"
2871,"67.0000000000000000"
3395,"41.0000000000000000"
3572,"66.0000000000000000"
4118,"58.0000000000000000"
4739,"45.0000000000000000"
6556,"29.0000000000000000"
6677,"53.0000000000000000"
1104,"63.0000000000000000"
1596,"51.0000000000000000"
1835,"55.0000000000000000"
2110,"53.0000000000000000"
2759,"43.0000000000000000"
3010,"74.0000000000000000"
3403,"29.0000000000000000"
3856,"52.0000000000000000"
4472,"76.0000000000000000"
5199,"67.0000000000000000"
5612,"62.0000000000000000"
6614,"76.0000000000000000"
191,"50.0000000000000000"
333,"70.0000000000000000"
488,"45.0000000000000000"
1780,"47.0000000000000000"
2235,"62.0000000000000000"
2516,"73.0000000000000000"
4209,"65.0000000000000000"
4726,"72.0000000000000000"
5088,"74.0000000000000000"
5352,"44.0000000000000000"
6024,"72.0000000000000000"
6196,"44.0000000000000000"
6297,"36.0000000000000000"
125,"65.0000000000000000"
1611,"55.0000000000000000"
1814,"40.0000000000000000"
3088,"49.0000000000000000"
3384,"54.0000000000000000"
4218,"46.0000000000000000"
5757,"65.0000000000000000"
5958,"61.0000000000000000"
6314,"59.0000000000000000"
249,"43.0000000000000000"
728,"64.0000000000000000"
3042,"54.0000000000000000"
3620,"74.0000000000000000"
4276,"61.0000000000000000"
4735,"68.0000000000000000"
1353,"43.0000000000000000"
1568,"34.0000000000000000"
2465,"59.0000000000000000"
3688,"61.0000000000000000"
4727,"56.0000000000000000"
5348,"55.0000000000000000"
6537,"71.0000000000000000"
1941,"40.0000000000000000"
3766,"51.0000000000000000"
4243,"35.0000000000000000"
4717,"54.0000000000000000"
5682,"68.0000000000000000"
6343,"37.0000000000000000"
6726,"50.0000000000000000"
238,"48.0000000000000000"
2624,"61.0000000000000000"
2787,"35.0000000000000000"
3992,"40.0000000000000000"
4974,"32.0000000000000000"
5478,"61.0000000000000000"
5641,"30.0000000000000000"
128,"36.0000000000000000"
627,"58.0000000000000000"
1766,"67.0000000000000000"
2089,"43.0000000000000000"
3565,"37.0000000000000000"
3954,"80.0000000000000000"
4204,"47.0000000000000000"
4651,"53.0000000000000000"
5814,"72.0000000000000000"
6062,"63.0000000000000000"
118,"41.0000000000000000"
339,"56.0000000000000000"
766,"64.0000000000000000"
1133,"64.0000000000000000"
2458,"60.0000000000000000"
3060,"76.0000000000000000"
3653,"33.0000000000000000"
4321,"51.0000000000000000"
5672,"52.0000000000000000"
1698,"60.0000000000000000"
2098,"30.0000000000000000"
2733,"68.0000000000000000"
2917,"32.0000000000000000"
3151,"38.0000000000000000"
3358,"68.0000000000000000"
5435,"51.0000000000000000"
5717,"43.0000000000000000"
635,"64.0000000000000000"
1275,"57.0000000000000000"
1562,"59.0000000000000000"
2908,"63.0000000000000000"
3414,"76.0000000000000000"
3638,"49.0000000000000000"
5132,"29.0000000000000000"
5422,"60.0000000000000000"
5724,"68.0000000000000000"
6026,"45.0000000000000000"
6416,"45.0000000000000000"
995,"22.0000000000000000"
1771,"31.0000000000000000"
2729,"27.0000000000000000"
3416,"35.0000000000000000"
4286,"60.0000000000000000"
5012,"66.0000000000000000"
6761,"42.0000000000000000"
5638,"38.0000000000000000"
6191,"59.0000000000000000"
443,"40.0000000000000000"
1299,"44.0000000000000000"
1637,"66.0000000000000000"
2099,"73.0000000000000000"
2349,"45.0000000000000000"
3081,"37.0000000000000000"
3555,"59.0000000000000000"
3798,"46.0000000000000000"
3982,"78.0000000000000000"
4082,"46.0000000000000000"
4672,"71.0000000000000000"
4937,"52.0000000000000000"
5594,"57.0000000000000000"
540,"56.0000000000000000"
1533,"36.0000000000000000"
2359,"57.0000000000000000"
2603,"51.0000000000000000"
2965,"29.0000000000000000"
4002,"71.0000000000000000"
4364,"41.0000000000000000"
4614,"37.0000000000000000"
5235,"52.0000000000000000"
5979,"36.0000000000000000"
6145,"72.0000000000000000"
6363,"39.0000000000000000"
2481,"57.0000000000000000"
3328,"42.0000000000000000"
3908,"68.0000000000000000"
4416,"56.0000000000000000"
4966,"44.0000000000000000"
5243,"63.0000000000000000"
5697,"40.0000000000000000"
5864,"56.0000000000000000"
6530,"39.0000000000000000"
686,"46.0000000000000000"
777,"51.0000000000000000"
1455,"31.0000000000000000"
1906,"44.0000000000000000"
2432,"44.0000000000000000"
2977,"55.0000000000000000"
3964,"41.0000000000000000"
4182,"60.0000000000000000"
4679,"55.0000000000000000"
4997,"44.0000000000000000"
5600,"63.0000000000000000"
5910,"52.0000000000000000"
6597,"46.0000000000000000"
64,"72.0000000000000000"
687,"44.0000000000000000"
1625,"48.0000000000000000"
1958,"54.0000000000000000"
2160,"35.0000000000000000"
2517,"76.0000000000000000"
2894,"72.0000000000000000"
3739,"45.0000000000000000"
4737,"70.0000000000000000"
5064,"66.0000000000000000"
313,"69.0000000000000000"
2107,"56.0000000000000000"
2819,"71.0000000000000000"
2932,"43.0000000000000000"
3593,"53.0000000000000000"
4760,"78.0000000000000000"
6681,"62.0000000000000000"
234,"56.0000000000000000"
425,"46.0000000000000000"
1528,"35.0000000000000000"
1671,"69.0000000000000000"
2223,"65.0000000000000000"
3268,"64.0000000000000000"
3530,"50.0000000000000000"
4765,"65.0000000000000000"
531,"35.0000000000000000"
1721,"37.0000000000000000"
2665,"67.0000000000000000"
2951,"61.0000000000000000"
3786,"48.0000000000000000"
4049,"83.0000000000000000"
4079,"62.0000000000000000"
4233,"67.0000000000000000"
4884,"73.0000000000000000"
6350,"71.0000000000000000"
1914,"70.0000000000000000"
3205,"71.0000000000000000"
3448,"55.0000000000000000"
4628,"52.0000000000000000"
5418,"70.0000000000000000"
5654,"73.0000000000000000"
614,"63.0000000000000000"
1340,"33.0000000000000000"
1576,"74.0000000000000000"
1974,"48.0000000000000000"
2597,"62.0000000000000000"
4690,"41.0000000000000000"
6267,"35.0000000000000000"
660,"49.0000000000000000"
943,"51.0000000000000000"
1445,"77.0000000000000000"
3070,"60.0000000000000000"
3440,"38.0000000000000000"
4503,"51.0000000000000000"
4771,"28.0000000000000000"
4797,"56.0000000000000000"
4898,"66.0000000000000000"
172,"38.0000000000000000"
518,"56.0000000000000000"
843,"53.0000000000000000"
1070,"60.0000000000000000"
2078,"46.0000000000000000"
5382,"34.0000000000000000"
4119,"80.0000000000000000"
4623,"37.0000000000000000"
620,"73.0000000000000000"
1286,"41.0000000000000000"
2482,"57.0000000000000000"
3672,"66.0000000000000000"
3959,"34.0000000000000000"
4659,"60.0000000000000000"
5060,"36.0000000000000000"
5942,"54.0000000000000000"
1349,"41.0000000000000000"
2192,"55.0000000000000000"
2323,"71.0000000000000000"
2717,"55.0000000000000000"
3338,"40.0000000000000000"
4475,"41.0000000000000000"
4786,"33.0000000000000000"
5017,"52.0000000000000000"
5580,"77.0000000000000000"
6066,"50.0000000000000000"
418,"42.0000000000000000"
608,"51.0000000000000000"
1842,"38.0000000000000000"
4004,"41.0000000000000000"
5791,"44.0000000000000000"
6548,"49.0000000000000000"
121,"55.0000000000000000"
571,"60.0000000000000000"
2444,"72.0000000000000000"
2815,"29.0000000000000000"
3510,"50.0000000000000000"
5013,"36.0000000000000000"
5457,"58.0000000000000000"
5940,"54.0000000000000000"
6197,"41.0000000000000000"
6660,"59.0000000000000000"
584,"71.0000000000000000"
1741,"36.0000000000000000"
2031,"34.0000000000000000"
3158,"53.0000000000000000"
3955,"54.0000000000000000"
4384,"65.0000000000000000"
5224,"72.0000000000000000"
5394,"55.0000000000000000"
5511,"59.0000000000000000"
744,"49.0000000000000000"
1634,"51.0000000000000000"
1911,"58.0000000000000000"
2608,"37.0000000000000000"
3456,"48.0000000000000000"
3561,"41.0000000000000000"
5216,"49.0000000000000000"
5573,"31.0000000000000000"
5952,"38.0000000000000000"
6093,"56.0000000000000000"
6749,"48.0000000000000000"
250,"65.0000000000000000"
781,"61.0000000000000000"
1681,"51.0000000000000000"
3924,"43.0000000000000000"
5271,"48.0000000000000000"
5899,"28.0000000000000000"
6273,"73.0000000000000000"
630,"54.0000000000000000"
679,"55.0000000000000000"
782,"41.0000000000000000"
1329,"35.0000000000000000"
1712,"52.0000000000000000"
2033,"42.0000000000000000"
3094,"32.0000000000000000"
4709,"61.0000000000000000"
4948,"71.0000000000000000"
5597,"56.0000000000000000"
6747,"71.0000000000000000"
1480,"51.0000000000000000"
2013,"54.0000000000000000"
2867,"43.0000000000000000"
3377,"44.0000000000000000"
4108,"42.0000000000000000"
4368,"33.0000000000000000"
4787,"34.0000000000000000"
93,"37.0000000000000000"
402,"31.0000000000000000"
582,"63.0000000000000000"
733,"65.0000000000000000"
951,"32.0000000000000000"
1889,"64.0000000000000000"
2046,"42.0000000000000000"
2664,"35.0000000000000000"
2936,"74.0000000000000000"
3740,"33.0000000000000000"
4482,"59.0000000000000000"
4718,"39.0000000000000000"
4908,"29.0000000000000000"
6278,"42.0000000000000000"
514,"71.0000000000000000"
703,"33.0000000000000000"
947,"27.0000000000000000"
2252,"34.0000000000000000"
2896,"74.0000000000000000"
3583,"54.0000000000000000"
4263,"75.0000000000000000"
4398,"58.0000000000000000"
5029,"33.0000000000000000"
5554,"33.0000000000000000"
5746,"41.0000000000000000"
5986,"55.0000000000000000"
6140,"65.0000000000000000"
6554,"58.0000000000000000"
467,"57.0000000000000000"
615,"49.0000000000000000"
801,"73.0000000000000000"
1587,"71.0000000000000000"
1925,"45.0000000000000000"
2527,"42.0000000000000000"
3065,"31.0000000000000000"
5031,"43.0000000000000000"
160,"56.0000000000000000"
2029,"53.0000000000000000"
2543,"37.0000000000000000"
2941,"51.0000000000000000"
4766,"48.0000000000000000"
5349,"27.0000000000000000"
5409,"70.0000000000000000"
6698,"64.0000000000000000"
81,"73.0000000000000000"
370,"26.0000000000000000"
799,"46.0000000000000000"
1300,"25.0000000000000000"
1805,"52.0000000000000000"
2410,"54.0000000000000000"
2723,"52.0000000000000000"
3240,"29.0000000000000000"
3424,"65.0000000000000000"
4188,"30.0000000000000000"
5617,"71.0000000000000000"
5932,"72.0000000000000000"
6699,"50.0000000000000000"
285,"38.0000000000000000"
754,"47.0000000000000000"
1449,"64.0000000000000000"
2764,"44.0000000000000000"
2859,"58.0000000000000000"
3036,"69.0000000000000000"
3934,"65.0000000000000000"
4486,"39.0000000000000000"
4996,"52.0000000000000000"
5133,"34.0000000000000000"
5887,"44.0000000000000000"
6402,"72.0000000000000000"
462,"76.0000000000000000"
817,"51.0000000000000000"
1790,"52.0000000000000000"
2014,"33.0000000000000000"
2165,"53.0000000000000000"
2627,"48.0000000000000000"
2968,"34.0000000000000000"
3282,"37.0000000000000000"
3544,"67.0000000000000000"
5552,"55.0000000000000000"
6657,"62.0000000000000000"
88,"73.0000000000000000"
201,"71.0000000000000000"
847,"59.0000000000000000"
1585,"57.0000000000000000"
2116,"36.0000000000000000"
2800,"29.0000000000000000"
3066,"47.0000000000000000"
3640,"41.0000000000000000"
4162,"70.0000000000000000"
4892,"69.0000000000000000"
5038,"27.0000000000000000"
6417,"60.0000000000000000"
376,"38.0000000000000000"
899,"67.0000000000000000"
1112,"52.0000000000000000"
1444,"73.0000000000000000"
1993,"52.0000000000000000"
2417,"83.0000000000000000"
3318,"42.0000000000000000"
3529,"43.0000000000000000"
4322,"26.0000000000000000"
5861,"75.0000000000000000"
6519,"48.0000000000000000"
34,"74.0000000000000000"
637,"67.0000000000000000"
1005,"46.0000000000000000"
1293,"56.0000000000000000"
1664,"70.0000000000000000"
1915,"47.0000000000000000"
3262,"47.0000000000000000"
3546,"46.0000000000000000"
3977,"37.0000000000000000"
4300,"73.0000000000000000"
4680,"46.0000000000000000"
4812,"63.0000000000000000"
5972,"41.0000000000000000"
645,"72.0000000000000000"
732,"39.0000000000000000"
1215,"55.0000000000000000"
1450,"60.0000000000000000"
2044,"42.0000000000000000"
2420,"57.0000000000000000"
3944,"36.0000000000000000"
4369,"41.0000000000000000"
5070,"72.0000000000000000"
5822,"47.0000000000000000"
6723,"49.0000000000000000"
3,"67.0000000000000000"
70,"56.0000000000000000"
256,"54.0000000000000000"
702,"43.0000000000000000"
769,"64.0000000000000000"
1277,"31.0000000000000000"
2062,"54.0000000000000000"
2399,"44.0000000000000000"
2645,"36.0000000000000000"
3468,"38.0000000000000000"
3826,"35.0000000000000000"
5384,"60.0000000000000000"
6460,"43.0000000000000000"
269,"59.0000000000000000"
336,"54.0000000000000000"
1241,"64.0000000000000000"
1651,"38.0000000000000000"
1963,"63.0000000000000000"
2368,"51.0000000000000000"
3004,"69.0000000000000000"
3310,"62.0000000000000000"
3391,"76.0000000000000000"
4194,"46.0000000000000000"
5728,"63.0000000000000000"
6091,"40.0000000000000000"
6748,"66.0000000000000000"
286,"56.0000000000000000"
547,"46.0000000000000000"
574,"41.0000000000000000"
936,"57.0000000000000000"
1514,"37.0000000000000000"
1656,"69.0000000000000000"
2405,"52.0000000000000000"
3372,"34.0000000000000000"
4215,"58.0000000000000000"
6486,"42.0000000000000000"
520,"56.0000000000000000"
1285,"64.0000000000000000"
3394,"41.0000000000000000"
3520,"53.0000000000000000"
4998,"72.0000000000000000"
5377,"57.0000000000000000"
5759,"38.0000000000000000"
422,"74.0000000000000000"
578,"50.0000000000000000"
3035,"76.0000000000000000"
3728,"73.0000000000000000"
4097,"50.0000000000000000"
5184,"67.0000000000000000"
5404,"53.0000000000000000"
5525,"78.0000000000000000"
6392,"67.0000000000000000"
603,"73.0000000000000000"
1956,"47.0000000000000000"
2914,"35.0000000000000000"
3434,"41.0000000000000000"
3454,"70.0000000000000000"
3809,"45.0000000000000000"
3947,"36.0000000000000000"
4319,"75.0000000000000000"
4716,"32.0000000000000000"
5790,"69.0000000000000000"
6205,"72.0000000000000000"
6727,"54.0000000000000000"
51,"59.0000000000000000"
446,"61.0000000000000000"
1252,"67.0000000000000000"
1380,"74.0000000000000000"
1638,"35.0000000000000000"
2152,"30.0000000000000000"
3125,"34.0000000000000000"
3366,"49.0000000000000000"
4632,"59.0000000000000000"
5924,"38.0000000000000000"
6133,"32.0000000000000000"
6316,"32.0000000000000000"
6609,"71.0000000000000000"
246,"35.0000000000000000"
980,"75.0000000000000000"
1677,"38.0000000000000000"
4620,"75.0000000000000000"
4848,"43.0000000000000000"
5402,"42.0000000000000000"
5971,"43.0000000000000000"
6113,"67.0000000000000000"
6508,"59.0000000000000000"
746,"47.0000000000000000"
1488,"67.0000000000000000"
1838,"30.0000000000000000"
2839,"45.0000000000000000"
4391,"70.0000000000000000"
4701,"40.0000000000000000"
5171,"66.0000000000000000"
5962,"67.0000000000000000"
6118,"62.0000000000000000"
6450,"58.0000000000000000"
257,"72.0000000000000000"
708,"32.0000000000000000"
891,"64.0000000000000000"
1748,"41.0000000000000000"
2625,"69.0000000000000000"
3989,"70.0000000000000000"
5285,"30.0000000000000000"
6461,"60.0000000000000000"
1563,"76.0000000000000000"
2207,"78.0000000000000000"
2879,"51.0000000000000000"
3644,"46.0000000000000000"
3996,"59.0000000000000000"
4355,"40.0000000000000000"
4758,"41.0000000000000000"
6001,"71.0000000000000000"
1181,"62.0000000000000000"
1297,"41.0000000000000000"
1429,"41.0000000000000000"
2104,"57.0000000000000000"
2736,"71.0000000000000000"
3615,"47.0000000000000000"
4719,"63.0000000000000000"
4748,"79.0000000000000000"
870,"44.0000000000000000"
2124,"38.0000000000000000"
2457,"68.0000000000000000"
2621,"53.0000000000000000"
3168,"56.0000000000000000"
3285,"61.0000000000000000"
3315,"70.0000000000000000"
5585,"72.0000000000000000"
6235,"33.0000000000000000"
913,"57.0000000000000000"
1852,"75.0000000000000000"
3117,"33.0000000000000000"
3392,"31.0000000000000000"
4722,"69.0000000000000000"
692,"40.0000000000000000"
1351,"65.0000000000000000"
1800,"56.0000000000000000"
2434,"59.0000000000000000"
3212,"57.0000000000000000"
3340,"52.0000000000000000"
3598,"62.0000000000000000"
53,"52.0000000000000000"
3558,"37.0000000000000000"
4257,"58.0000000000000000"
4869,"31.0000000000000000"
5548,"42.0000000000000000"
5630,"42.0000000000000000"
6645,"50.0000000000000000"
156,"65.0000000000000000"
350,"47.0000000000000000"
976,"54.0000000000000000"
1344,"64.0000000000000000"
1524,"69.0000000000000000"
2143,"41.0000000000000000"
2353,"52.0000000000000000"
3028,"46.0000000000000000"
3913,"42.0000000000000000"
4274,"69.0000000000000000"
4673,"69.0000000000000000"
6198,"48.0000000000000000"
569,"67.0000000000000000"
1626,"51.0000000000000000"
3505,"45.0000000000000000"
3758,"39.0000000000000000"
4649,"54.0000000000000000"
4745,"59.0000000000000000"
5354,"54.0000000000000000"
5953,"56.0000000000000000"
6577,"29.0000000000000000"
1565,"71.0000000000000000"
1973,"30.0000000000000000"
2363,"61.0000000000000000"
2994,"57.0000000000000000"
3201,"44.0000000000000000"
3511,"76.0000000000000000"
3956,"54.0000000000000000"
4359,"36.0000000000000000"
4798,"47.0000000000000000"
5955,"63.0000000000000000"
6117,"49.0000000000000000"
6252,"46.0000000000000000"
101,"61.0000000000000000"
351,"62.0000000000000000"
871,"45.0000000000000000"
1330,"63.0000000000000000"
3227,"41.0000000000000000"
4921,"66.0000000000000000"
5373,"35.0000000000000000"
6612,"39.0000000000000000"
50,"35.0000000000000000"
102,"37.0000000000000000"
211,"39.0000000000000000"
510,"81.0000000000000000"
1548,"62.0000000000000000"
2208,"61.0000000000000000"
4030,"34.0000000000000000"
4370,"40.0000000000000000"
5834,"71.0000000000000000"
639,"28.0000000000000000"
1451,"47.0000000000000000"
2335,"47.0000000000000000"
2572,"67.0000000000000000"
3326,"40.0000000000000000"
3916,"74.0000000000000000"
4514,"60.0000000000000000"
6604,"37.0000000000000000"
373,"67.0000000000000000"
1338,"35.0000000000000000"
1830,"70.0000000000000000"
2274,"49.0000000000000000"
3224,"36.0000000000000000"
5321,"37.0000000000000000"
5520,"44.0000000000000000"
5842,"49.0000000000000000"
6429,"45.0000000000000000"
6704,"61.0000000000000000"
2057,"34.0000000000000000"
3723,"54.0000000000000000"
4492,"64.0000000000000000"
5153,"69.0000000000000000"
6531,"38.0000000000000000"
521,"67.0000000000000000"
1850,"35.0000000000000000"
2851,"68.0000000000000000"
5380,"49.0000000000000000"
5917,"50.0000000000000000"
148,"70.0000000000000000"
1113,"37.0000000000000000"
1758,"35.0000000000000000"
2395,"55.0000000000000000"
2708,"73.0000000000000000"
2995,"61.0000000000000000"
3993,"43.0000000000000000"
4724,"37.0000000000000000"
5144,"55.0000000000000000"
5572,"54.0000000000000000"
5740,"68.0000000000000000"
5938,"50.0000000000000000"
6299,"42.0000000000000000"
6695,"77.0000000000000000"
507,"58.0000000000000000"
1135,"52.0000000000000000"
1479,"42.0000000000000000"
3275,"60.0000000000000000"
4078,"55.0000000000000000"
4176,"43.0000000000000000"
4776,"75.0000000000000000"
4899,"59.0000000000000000"
35,"27.0000000000000000"
161,"34.0000000000000000"
831,"49.0000000000000000"
1080,"39.0000000000000000"
2496,"40.0000000000000000"
3141,"30.0000000000000000"
3297,"37.0000000000000000"
3602,"33.0000000000000000"
4150,"59.0000000000000000"
4361,"59.0000000000000000"
4642,"57.0000000000000000"
4752,"52.0000000000000000"
4849,"65.0000000000000000"
6199,"54.0000000000000000"
241,"46.0000000000000000"
1339,"67.0000000000000000"
1454,"73.0000000000000000"
4342,"58.0000000000000000"
6766,"64.0000000000000000"
6213,"62.0000000000000000"
41,"36.0000000000000000"
279,"49.0000000000000000"
952,"40.0000000000000000"
1200,"76.0000000000000000"
1775,"55.0000000000000000"
1953,"63.0000000000000000"
3270,"36.0000000000000000"
3497,"55.0000000000000000"
3897,"37.0000000000000000"
4601,"39.0000000000000000"
4621,"44.0000000000000000"
5061,"44.0000000000000000"
5359,"63.0000000000000000"
6179,"75.0000000000000000"
469,"40.0000000000000000"
914,"41.0000000000000000"
1386,"72.0000000000000000"
1935,"61.0000000000000000"
3243,"43.0000000000000000"
3449,"29.0000000000000000"
4500,"65.0000000000000000"
5328,"41.0000000000000000"
5576,"32.0000000000000000"
6112,"66.0000000000000000"
6438,"42.0000000000000000"
707,"38.0000000000000000"
1136,"48.0000000000000000"
2961,"59.0000000000000000"
3428,"50.0000000000000000"
4045,"26.0000000000000000"
5399,"78.0000000000000000"
5730,"55.0000000000000000"
180,"40.0000000000000000"
1694,"54.0000000000000000"
2294,"62.0000000000000000"
3630,"60.0000000000000000"
3978,"28.0000000000000000"
4426,"47.0000000000000000"
5115,"65.0000000000000000"
5558,"33.0000000000000000"
5827,"37.0000000000000000"
6063,"31.0000000000000000"
6691,"74.0000000000000000"
170,"54.0000000000000000"
1326,"61.0000000000000000"
1476,"48.0000000000000000"
2937,"48.0000000000000000"
3973,"53.0000000000000000"
4644,"33.0000000000000000"
5086,"81.0000000000000000"
6572,"51.0000000000000000"
6755,"72.0000000000000000"
1483,"60.0000000000000000"
1844,"31.0000000000000000"
2120,"49.0000000000000000"
2411,"36.0000000000000000"
2903,"40.0000000000000000"
3289,"45.0000000000000000"
3859,"50.0000000000000000"
4313,"55.0000000000000000"
5325,"61.0000000000000000"
5906,"33.0000000000000000"
6049,"65.0000000000000000"
664,"69.0000000000000000"
750,"35.0000000000000000"
1950,"31.0000000000000000"
2989,"34.0000000000000000"
3266,"52.0000000000000000"
4358,"43.0000000000000000"
4720,"53.0000000000000000"
5019,"52.0000000000000000"
5925,"24.0000000000000000"
112,"63.0000000000000000"
213,"42.0000000000000000"
1818,"69.0000000000000000"
2018,"40.0000000000000000"
3231,"51.0000000000000000"
3378,"39.0000000000000000"
3896,"59.0000000000000000"
4828,"33.0000000000000000"
5944,"70.0000000000000000"
6245,"59.0000000000000000"
3957,"61.0000000000000000"
4066,"71.0000000000000000"
4691,"53.0000000000000000"
6153,"70.0000000000000000"
260,"69.0000000000000000"
1077,"49.0000000000000000"
1316,"51.0000000000000000"
1754,"57.0000000000000000"
2086,"46.0000000000000000"
3044,"41.0000000000000000"
3295,"43.0000000000000000"
3347,"56.0000000000000000"
3801,"38.0000000000000000"
4249,"54.0000000000000000"
5096,"57.0000000000000000"
5892,"58.0000000000000000"
6281,"67.0000000000000000"
6497,"46.0000000000000000"
13,"50.0000000000000000"
1907,"77.0000000000000000"
3074,"68.0000000000000000"
3441,"76.0000000000000000"
3651,"68.0000000000000000"
4093,"57.0000000000000000"
4339,"37.0000000000000000"
4753,"65.0000000000000000"
5933,"49.0000000000000000"
1184,"70.0000000000000000"
1402,"60.0000000000000000"
1597,"62.0000000000000000"
2702,"68.0000000000000000"
2996,"57.0000000000000000"
4857,"51.0000000000000000"
6661,"61.0000000000000000"
134,"61.0000000000000000"
598,"41.0000000000000000"
726,"63.0000000000000000"
832,"38.0000000000000000"
2065,"64.0000000000000000"
2701,"48.0000000000000000"
3429,"59.0000000000000000"
3645,"53.0000000000000000"
4958,"70.0000000000000000"
5474,"67.0000000000000000"
6088,"55.0000000000000000"
6714,"52.0000000000000000"
1024,"60.0000000000000000"
1452,"49.0000000000000000"
2507,"25.0000000000000000"
3052,"70.0000000000000000"
4702,"30.0000000000000000"
4830,"73.0000000000000000"
5920,"35.0000000000000000"
533,"63.0000000000000000"
1368,"43.0000000000000000"
2499,"68.0000000000000000"
2962,"71.0000000000000000"
3617,"72.0000000000000000"
5370,"50.0000000000000000"
47,"73.0000000000000000"
270,"56.0000000000000000"
1007,"32.0000000000000000"
2372,"38.0000000000000000"
3584,"68.0000000000000000"
4645,"67.0000000000000000"
5219,"65.0000000000000000"
5559,"73.0000000000000000"
631,"69.0000000000000000"
775,"66.0000000000000000"
1006,"32.0000000000000000"
1995,"70.0000000000000000"
2248,"38.0000000000000000"
2540,"46.0000000000000000"
3037,"54.0000000000000000"
3419,"28.0000000000000000"
3987,"39.0000000000000000"
4458,"66.0000000000000000"
4987,"66.0000000000000000"
5868,"78.0000000000000000"
6413,"38.0000000000000000"
6533,"33.0000000000000000"
90,"41.0000000000000000"
532,"78.0000000000000000"
1110,"73.0000000000000000"
1759,"70.0000000000000000"
2147,"66.0000000000000000"
3254,"55.0000000000000000"
3381,"50.0000000000000000"
3656,"81.0000000000000000"
3948,"36.0000000000000000"
4520,"56.0000000000000000"
4723,"46.0000000000000000"
5176,"61.0000000000000000"
6338,"66.0000000000000000"
6557,"40.0000000000000000"
504,"68.0000000000000000"
640,"72.0000000000000000"
1206,"50.0000000000000000"
1851,"70.0000000000000000"
2412,"59.0000000000000000"
3300,"68.0000000000000000"
3648,"45.0000000000000000"
6020,"39.0000000000000000"
6682,"28.0000000000000000"
878,"40.0000000000000000"
1014,"52.0000000000000000"
1628,"72.0000000000000000"
2416,"63.0000000000000000"
2974,"78.0000000000000000"
3273,"37.0000000000000000"
4210,"66.0000000000000000"
4454,"49.0000000000000000"
4732,"59.0000000000000000"
5024,"71.0000000000000000"
5799,"30.0000000000000000"
6676,"78.0000000000000000"
343,"58.0000000000000000"
1002,"47.0000000000000000"
1571,"73.0000000000000000"
1954,"25.0000000000000000"
3436,"56.0000000000000000"
5193,"45.0000000000000000"
5555,"44.0000000000000000"
5674,"41.0000000000000000"
6596,"49.0000000000000000"
123,"62.0000000000000000"
479,"77.0000000000000000"
657,"51.0000000000000000"
975,"71.0000000000000000"
1307,"25.0000000000000000"
1672,"36.0000000000000000"
1942,"61.0000000000000000"
3382,"55.0000000000000000"
4284,"37.0000000000000000"
6734,"48.0000000000000000"
281,"69.0000000000000000"
1902,"72.0000000000000000"
2691,"57.0000000000000000"
4430,"37.0000000000000000"
4779,"28.0000000000000000"
5097,"57.0000000000000000"
405,"66.0000000000000000"
585,"41.0000000000000000"
729,"36.0000000000000000"
1046,"41.0000000000000000"
1663,"48.0000000000000000"
4027,"78.0000000000000000"
2876,"38.0000000000000000"
3767,"34.0000000000000000"
5948,"60.0000000000000000"
6027,"50.0000000000000000"
701,"59.0000000000000000"
1529,"53.0000000000000000"
2060,"33.0000000000000000"
2262,"29.0000000000000000"
4425,"34.0000000000000000"
4710,"32.0000000000000000"
5732,"34.0000000000000000"
142,"54.0000000000000000"
430,"58.0000000000000000"
612,"50.0000000000000000"
927,"37.0000000000000000"
1010,"55.0000000000000000"
1845,"71.0000000000000000"
2234,"44.0000000000000000"
2633,"48.0000000000000000"
4012,"43.0000000000000000"
5039,"33.0000000000000000"
6760,"44.0000000000000000"
5681,"31.0000000000000000"
6253,"56.0000000000000000"
6558,"60.0000000000000000"
565,"67.0000000000000000"
599,"67.0000000000000000"
1772,"38.0000000000000000"
3357,"48.0000000000000000"
4408,"38.0000000000000000"
1363,"71.0000000000000000"
625,"70.0000000000000000"
1636,"30.0000000000000000"
2253,"69.0000000000000000"
3471,"69.0000000000000000"
4402,"66.0000000000000000"
458,"72.0000000000000000"
681,"46.0000000000000000"
1084,"34.0000000000000000"
1896,"62.0000000000000000"
3132,"71.0000000000000000"
3940,"46.0000000000000000"
4943,"55.0000000000000000"
5537,"27.0000000000000000"
6310,"36.0000000000000000"
6587,"39.0000000000000000"
6756,"54.0000000000000000"
97,"38.0000000000000000"
1266,"55.0000000000000000"
2118,"68.0000000000000000"
2906,"67.0000000000000000"
3432,"55.0000000000000000"
5921,"38.0000000000000000"
6192,"68.0000000000000000"
6705,"72.0000000000000000"
242,"50.0000000000000000"
1359,"59.0000000000000000"
1865,"68.0000000000000000"
2024,"37.0000000000000000"
2768,"28.0000000000000000"
3067,"62.0000000000000000"
3316,"60.0000000000000000"
4084,"60.0000000000000000"
4858,"39.0000000000000000"
5566,"76.0000000000000000"
6384,"65.0000000000000000"
2001,"59.0000000000000000"
3483,"73.0000000000000000"
3990,"30.0000000000000000"
4531,"61.0000000000000000"
5518,"61.0000000000000000"
5869,"49.0000000000000000"
60,"49.0000000000000000"
282,"75.0000000000000000"
1614,"35.0000000000000000"
2331,"75.0000000000000000"
2825,"37.0000000000000000"
3411,"68.0000000000000000"
4143,"49.0000000000000000"
4637,"47.0000000000000000"
4729,"67.0000000000000000"
5318,"50.0000000000000000"
6619,"54.0000000000000000"
444,"43.0000000000000000"
1260,"71.0000000000000000"
1976,"72.0000000000000000"
2096,"63.0000000000000000"
2732,"65.0000000000000000"
5383,"31.0000000000000000"
4156,"59.0000000000000000"
4761,"21.0000000000000000"
6446,"51.0000000000000000"
6610,"72.0000000000000000"
638,"44.0000000000000000"
1644,"42.0000000000000000"
2040,"32.0000000000000000"
2794,"66.0000000000000000"
3172,"71.0000000000000000"
6559,"58.0000000000000000"
243,"35.0000000000000000"
296,"42.0000000000000000"
677,"32.0000000000000000"
1360,"75.0000000000000000"
1916,"28.0000000000000000"
2397,"34.0000000000000000"
3624,"62.0000000000000000"
4799,"52.0000000000000000"
5241,"29.0000000000000000"
6380,"66.0000000000000000"
998,"47.0000000000000000"
1281,"39.0000000000000000"
2045,"23.0000000000000000"
2424,"61.0000000000000000"
3162,"27.0000000000000000"
3222,"63.0000000000000000"
4098,"48.0000000000000000"
4905,"41.0000000000000000"
5622,"71.0000000000000000"
318,"75.0000000000000000"
557,"55.0000000000000000"
2034,"64.0000000000000000"
2392,"74.0000000000000000"
4542,"28.0000000000000000"
5500,"64.0000000000000000"
6382,"73.0000000000000000"
6575,"40.0000000000000000"
1827,"49.0000000000000000"
2095,"47.0000000000000000"
3092,"35.0000000000000000"
4813,"61.0000000000000000"
5164,"29.0000000000000000"
6702,"40.0000000000000000"
429,"53.0000000000000000"
2681,"56.0000000000000000"
3160,"24.0000000000000000"
3400,"65.0000000000000000"
3889,"39.0000000000000000"
4151,"70.0000000000000000"
4738,"74.0000000000000000"
4963,"75.0000000000000000"
311,"41.0000000000000000"
928,"46.0000000000000000"
1468,"57.0000000000000000"
2677,"37.0000000000000000"
2916,"71.0000000000000000"
4663,"43.0000000000000000"
6741,"27.0000000000000000"
48,"65.0000000000000000"
838,"58.0000000000000000"
1657,"43.0000000000000000"
2032,"66.0000000000000000"
3507,"43.0000000000000000"
3780,"42.0000000000000000"
6180,"46.0000000000000000"
6615,"36.0000000000000000"
797,"56.0000000000000000"
1564,"56.0000000000000000"
2075,"76.0000000000000000"
2822,"36.0000000000000000"
3387,"46.0000000000000000"
4315,"47.0000000000000000"
5549,"46.0000000000000000"
6284,"52.0000000000000000"
6403,"50.0000000000000000"
6684,"53.0000000000000000"
451,"60.0000000000000000"
588,"33.0000000000000000"
671,"52.0000000000000000"
1369,"38.0000000000000000"
1688,"30.0000000000000000"
2861,"71.0000000000000000"
3354,"74.0000000000000000"
5141,"45.0000000000000000"
5460,"46.0000000000000000"
5904,"34.0000000000000000"
5973,"62.0000000000000000"
704,"54.0000000000000000"
785,"35.0000000000000000"
2631,"49.0000000000000000"
2911,"50.0000000000000000"
3360,"43.0000000000000000"
3667,"48.0000000000000000"
4624,"48.0000000000000000"
604,"65.0000000000000000"
1464,"60.0000000000000000"
1810,"36.0000000000000000"
2009,"68.0000000000000000"
2166,"65.0000000000000000"
5379,"73.0000000000000000"
1367,"61.0000000000000000"
447,"50.0000000000000000"
1682,"51.0000000000000000"
2043,"51.0000000000000000"
2796,"40.0000000000000000"
3945,"43.0000000000000000"
4196,"67.0000000000000000"
5174,"55.0000000000000000"
5480,"72.0000000000000000"
5883,"69.0000000000000000"
6013,"37.0000000000000000"
438,"69.0000000000000000"
636,"44.0000000000000000"
1938,"42.0000000000000000"
2129,"72.0000000000000000"
3337,"68.0000000000000000"
3472,"50.0000000000000000"
3991,"42.0000000000000000"
4221,"49.0000000000000000"
5719,"36.0000000000000000"
143,"37.0000000000000000"
784,"33.0000000000000000"
1020,"51.0000000000000000"
2934,"42.0000000000000000"
4073,"44.0000000000000000"
4751,"54.0000000000000000"
5275,"43.0000000000000000"
1262,"64.0000000000000000"
1600,"34.0000000000000000"
2016,"62.0000000000000000"
2370,"34.0000000000000000"
3192,"70.0000000000000000"
3367,"38.0000000000000000"
3952,"56.0000000000000000"
4517,"42.0000000000000000"
4944,"31.0000000000000000"
6037,"58.0000000000000000"
6385,"62.0000000000000000"
398,"66.0000000000000000"
2163,"37.0000000000000000"
3985,"78.0000000000000000"
4780,"29.0000000000000000"
5453,"50.0000000000000000"
5807,"30.0000000000000000"
6074,"49.0000000000000000"
6651,"40.0000000000000000"
223,"52.0000000000000000"
680,"68.0000000000000000"
887,"37.0000000000000000"
1689,"41.0000000000000000"
1939,"36.0000000000000000"
2182,"48.0000000000000000"
3223,"43.0000000000000000"
3819,"40.0000000000000000"
4823,"76.0000000000000000"
5431,"45.0000000000000000"
6353,"30.0000000000000000"
163,"74.0000000000000000"
706,"75.0000000000000000"
1214,"27.0000000000000000"
1399,"67.0000000000000000"
1574,"49.0000000000000000"
1870,"41.0000000000000000"
2267,"63.0000000000000000"
2658,"45.0000000000000000"
3048,"33.0000000000000000"
3301,"47.0000000000000000"
3477,"51.0000000000000000"
4371,"50.0000000000000000"
445,"59.0000000000000000"
1100,"42.0000000000000000"
1961,"34.0000000000000000"
3215,"68.0000000000000000"
3997,"46.0000000000000000"
4385,"33.0000000000000000"
4736,"79.0000000000000000"
5291,"57.0000000000000000"
5350,"50.0000000000000000"
5768,"63.0000000000000000"
675,"31.0000000000000000"
1996,"69.0000000000000000"
2510,"49.0000000000000000"
3969,"60.0000000000000000"
4397,"61.0000000000000000"
5326,"64.0000000000000000"
5987,"67.0000000000000000"
6152,"61.0000000000000000"
6317,"30.0000000000000000"
602,"79.0000000000000000"
981,"38.0000000000000000"
1317,"55.0000000000000000"
2112,"31.0000000000000000"
2365,"38.0000000000000000"
2849,"65.0000000000000000"
4573,"60.0000000000000000"
5095,"67.0000000000000000"
741,"48.0000000000000000"
1873,"45.0000000000000000"
2134,"30.0000000000000000"
3461,"63.0000000000000000"
3711,"59.0000000000000000"
5001,"36.0000000000000000"
248,"67.0000000000000000"
1321,"64.0000000000000000"
1997,"55.0000000000000000"
2544,"29.0000000000000000"
3863,"66.0000000000000000"
4336,"80.0000000000000000"
4754,"54.0000000000000000"
6620,"48.0000000000000000"
500,"34.0000000000000000"
1518,"48.0000000000000000"
3082,"40.0000000000000000"
3478,"34.0000000000000000"
4539,"71.0000000000000000"
4791,"49.0000000000000000"
5263,"29.0000000000000000"
1679,"38.0000000000000000"
2276,"68.0000000000000000"
2747,"37.0000000000000000"
3370,"60.0000000000000000"
3741,"67.0000000000000000"
4266,"46.0000000000000000"
5596,"43.0000000000000000"
5961,"59.0000000000000000"
6418,"37.0000000000000000"
759,"31.0000000000000000"
2524,"46.0000000000000000"
2769,"53.0000000000000000"
5071,"47.0000000000000000"
5287,"49.0000000000000000"
33,"74.0000000000000000"
2692,"58.0000000000000000"
2835,"65.0000000000000000"
3122,"36.0000000000000000"
3465,"51.0000000000000000"
3857,"72.0000000000000000"
4343,"50.0000000000000000"
4417,"54.0000000000000000"
5756,"48.0000000000000000"
5907,"68.0000000000000000"
699,"60.0000000000000000"
821,"23.0000000000000000"
2085,"46.0000000000000000"
2346,"47.0000000000000000"
2704,"46.0000000000000000"
2901,"73.0000000000000000"
3475,"36.0000000000000000"
3743,"51.0000000000000000"
5209,"61.0000000000000000"
6674,"43.0000000000000000"
714,"66.0000000000000000"
792,"43.0000000000000000"
1341,"40.0000000000000000"
1745,"51.0000000000000000"
1971,"77.0000000000000000"
2632,"62.0000000000000000"
2935,"31.0000000000000000"
3142,"69.0000000000000000"
4516,"46.0000000000000000"
4605,"71.0000000000000000"
5936,"47.0000000000000000"
6621,"41.0000000000000000"
752,"65.0000000000000000"
1336,"35.0000000000000000"
1836,"42.0000000000000000"
2447,"72.0000000000000000"
3517,"49.0000000000000000"
3831,"60.0000000000000000"
4136,"35.0000000000000000"
4700,"46.0000000000000000"
5484,"53.0000000000000000"
5900,"51.0000000000000000"
6634,"41.0000000000000000"
426,"65.0000000000000000"
1320,"74.0000000000000000"
1588,"47.0000000000000000"
2375,"60.0000000000000000"
4411,"43.0000000000000000"
4769,"59.0000000000000000"
5149,"59.0000000000000000"
5659,"65.0000000000000000"
545,"36.0000000000000000"
778,"39.0000000000000000"
1289,"29.0000000000000000"
1654,"43.0000000000000000"
1945,"71.0000000000000000"
2460,"71.0000000000000000"
2877,"74.0000000000000000"
3264,"70.0000000000000000"
3927,"59.0000000000000000"
5774,"53.0000000000000000"
923,"71.0000000000000000"
1439,"34.0000000000000000"
2130,"42.0000000000000000"
2797,"74.0000000000000000"
3135,"33.0000000000000000"
3525,"62.0000000000000000"
3925,"59.0000000000000000"
4087,"65.0000000000000000"
4706,"46.0000000000000000"
5448,"65.0000000000000000"
5645,"44.0000000000000000"
5862,"37.0000000000000000"
6079,"46.0000000000000000"
6648,"70.0000000000000000"
863,"48.0000000000000000"
1324,"66.0000000000000000"
1666,"72.0000000000000000"
1797,"26.0000000000000000"
2279,"48.0000000000000000"
2997,"39.0000000000000000"
3343,"45.0000000000000000"
3625,"64.0000000000000000"
4310,"54.0000000000000000"
4750,"71.0000000000000000"
5185,"74.0000000000000000"
5978,"43.0000000000000000"
6073,"48.0000000000000000"
455,"55.0000000000000000"
651,"40.0000000000000000"
742,"47.0000000000000000"
828,"32.0000000000000000"
1701,"49.0000000000000000"
1985,"65.0000000000000000"
2277,"55.0000000000000000"
3108,"70.0000000000000000"
3880,"41.0000000000000000"
4252,"41.0000000000000000"
4646,"66.0000000000000000"
5560,"44.0000000000000000"
483,"38.0000000000000000"
628,"41.0000000000000000"
2285,"40.0000000000000000"
4024,"36.0000000000000000"
2952,"77.0000000000000000"
4631,"68.0000000000000000"
5200,"50.0000000000000000"
5711,"53.0000000000000000"
6399,"37.0000000000000000"
6453,"56.0000000000000000"
788,"61.0000000000000000"
1550,"66.0000000000000000"
2069,"35.0000000000000000"
2593,"52.0000000000000000"
2943,"34.0000000000000000"
3649,"70.0000000000000000"
3942,"66.0000000000000000"
5512,"32.0000000000000000"
5752,"67.0000000000000000"
6362,"44.0000000000000000"
1151,"58.0000000000000000"
1812,"53.0000000000000000"
1946,"64.0000000000000000"
2646,"59.0000000000000000"
3255,"70.0000000000000000"
3431,"43.0000000000000000"
3634,"54.0000000000000000"
4592,"29.0000000000000000"
5705,"44.0000000000000000"
6056,"27.0000000000000000"
325,"70.0000000000000000"
1015,"56.0000000000000000"
1308,"73.0000000000000000"
1667,"21.0000000000000000"
2436,"31.0000000000000000"
2865,"43.0000000000000000"
3397,"58.0000000000000000"
4040,"72.0000000000000000"
4094,"35.0000000000000000"
4568,"32.0000000000000000"
5105,"38.0000000000000000"
573,"33.0000000000000000"
789,"42.0000000000000000"
1525,"58.0000000000000000"
2786,"40.0000000000000000"
3143,"65.0000000000000000"
3917,"68.0000000000000000"
4375,"64.0000000000000000"
6345,"73.0000000000000000"
169,"63.0000000000000000"
537,"52.0000000000000000"
682,"47.0000000000000000"
1384,"63.0000000000000000"
2167,"60.0000000000000000"
2295,"24.0000000000000000"
3109,"56.0000000000000000"
3293,"34.0000000000000000"
3444,"76.0000000000000000"
3660,"29.0000000000000000"
4693,"69.0000000000000000"
5214,"49.0000000000000000"
5570,"24.0000000000000000"
6003,"48.0000000000000000"
6663,"41.0000000000000000"
616,"43.0000000000000000"
1056,"39.0000000000000000"
1903,"56.0000000000000000"
2643,"57.0000000000000000"
3291,"81.0000000000000000"
3965,"30.0000000000000000"
4007,"37.0000000000000000"
4234,"62.0000000000000000"
4388,"58.0000000000000000"
4964,"39.0000000000000000"
5544,"33.0000000000000000"
6217,"27.0000000000000000"
1345,"32.0000000000000000"
1874,"46.0000000000000000"
2413,"74.0000000000000000"
3068,"50.0000000000000000"
3452,"33.0000000000000000"
4031,"33.0000000000000000"
4438,"45.0000000000000000"
5521,"68.0000000000000000"
5832,"55.0000000000000000"
5990,"57.0000000000000000"
6254,"53.0000000000000000"
320,"72.0000000000000000"
717,"54.0000000000000000"
2074,"52.0000000000000000"
4576,"76.0000000000000000"
5503,"50.0000000000000000"
173,"45.0000000000000000"
698,"49.0000000000000000"
2039,"49.0000000000000000"
2467,"67.0000000000000000"
2676,"33.0000000000000000"
3038,"56.0000000000000000"
4003,"58.0000000000000000"
4126,"73.0000000000000000"
4611,"45.0000000000000000"
4975,"36.0000000000000000"
5664,"43.0000000000000000"
6006,"68.0000000000000000"
6329,"53.0000000000000000"
2779,"55.0000000000000000"
4216,"58.0000000000000000"
4711,"38.0000000000000000"
4825,"55.0000000000000000"
6175,"54.0000000000000000"
2445,"46.0000000000000000"
2714,"59.0000000000000000"
3089,"42.0000000000000000"
3462,"42.0000000000000000"
4462,"42.0000000000000000"
4698,"66.0000000000000000"
5098,"37.0000000000000000"
6711,"64.0000000000000000"
146,"39.0000000000000000"
652,"46.0000000000000000"
1947,"36.0000000000000000"
2236,"51.0000000000000000"
3393,"76.0000000000000000"
4577,"64.0000000000000000"
4932,"36.0000000000000000"
5419,"33.0000000000000000"
5766,"59.0000000000000000"
6261,"60.0000000000000000"
800,"43.0000000000000000"
1484,"36.0000000000000000"
1989,"31.0000000000000000"
3850,"38.0000000000000000"
4441,"47.0000000000000000"
4783,"47.0000000000000000"
392,"47.0000000000000000"
653,"66.0000000000000000"
1283,"69.0000000000000000"
1860,"37.0000000000000000"
1910,"46.0000000000000000"
2259,"66.0000000000000000"
2752,"42.0000000000000000"
3385,"48.0000000000000000"
4915,"55.0000000000000000"
5957,"40.0000000000000000"
5992,"45.0000000000000000"
6160,"69.0000000000000000"
21,"36.0000000000000000"
106,"32.0000000000000000"
512,"68.0000000000000000"
760,"38.0000000000000000"
1098,"48.0000000000000000"
1314,"67.0000000000000000"
2746,"46.0000000000000000"
3140,"53.0000000000000000"
3314,"44.0000000000000000"
4157,"28.0000000000000000"
5340,"72.0000000000000000"
6257,"61.0000000000000000"
564,"63.0000000000000000"
1271,"38.0000000000000000"
1647,"38.0000000000000000"
2767,"52.0000000000000000"
3646,"37.0000000000000000"
4865,"80.0000000000000000"
6055,"57.0000000000000000"
6679,"42.0000000000000000"
283,"31.0000000000000000"
489,"52.0000000000000000"
1559,"44.0000000000000000"
2545,"33.0000000000000000"
3333,"66.0000000000000000"
4037,"45.0000000000000000"
4578,"64.0000000000000000"
4664,"35.0000000000000000"
4756,"63.0000000000000000"
5843,"26.0000000000000000"
6045,"41.0000000000000000"
6735,"36.0000000000000000"
335,"44.0000000000000000"
558,"57.0000000000000000"
844,"70.0000000000000000"
1186,"71.0000000000000000"
1705,"52.0000000000000000"
2469,"52.0000000000000000"
2975,"71.0000000000000000"
3641,"60.0000000000000000"
4476,"48.0000000000000000"
4969,"28.0000000000000000"
5737,"69.0000000000000000"
6102,"33.0000000000000000"
6721,"55.0000000000000000"
11,"53.0000000000000000"
519,"71.0000000000000000"
1994,"59.0000000000000000"
2483,"67.0000000000000000"
2635,"67.0000000000000000"
3545,"38.0000000000000000"
4730,"73.0000000000000000"
4976,"47.0000000000000000"
5789,"43.0000000000000000"
6030,"69.0000000000000000"
6616,"29.0000000000000000"
165,"32.0000000000000000"
1706,"61.0000000000000000"
1821,"65.0000000000000000"
2629,"38.0000000000000000"
5227,"77.0000000000000000"
5374,"66.0000000000000000"
5823,"71.0000000000000000"
6007,"48.0000000000000000"
6736,"44.0000000000000000"
590,"50.0000000000000000"
779,"34.0000000000000000"
1085,"55.0000000000000000"
1435,"69.0000000000000000"
2007,"60.0000000000000000"
2381,"72.0000000000000000"
2912,"34.0000000000000000"
3453,"71.0000000000000000"
4180,"34.0000000000000000"
5122,"49.0000000000000000"
5531,"63.0000000000000000"
6582,"44.0000000000000000"
406,"58.0000000000000000"
740,"40.0000000000000000"
1312,"49.0000000000000000"
1540,"51.0000000000000000"
1962,"62.0000000000000000"
2173,"59.0000000000000000"
3375,"43.0000000000000000"
3540,"31.0000000000000000"
4671,"59.0000000000000000"
5336,"76.0000000000000000"
5734,"69.0000000000000000"
197,"49.0000000000000000"
819,"43.0000000000000000"
1527,"75.0000000000000000"
3229,"72.0000000000000000"
4638,"60.0000000000000000"
5075,"40.0000000000000000"
5455,"66.0000000000000000"
5738,"27.0000000000000000"
6167,"41.0000000000000000"
220,"44.0000000000000000"
909,"51.0000000000000000"
1306,"67.0000000000000000"
2998,"29.0000000000000000"
3415,"69.0000000000000000"
3789,"52.0000000000000000"
4227,"64.0000000000000000"
6490,"48.0000000000000000"
6712,"41.0000000000000000"
583,"50.0000000000000000"
772,"71.0000000000000000"
1142,"58.0000000000000000"
1436,"36.0000000000000000"
1986,"33.0000000000000000"
2508,"56.0000000000000000"
2788,"67.0000000000000000"
2956,"53.0000000000000000"
4518,"62.0000000000000000"
4681,"35.0000000000000000"
5041,"61.0000000000000000"
6176,"49.0000000000000000"
542,"56.0000000000000000"
605,"49.0000000000000000"
1908,"65.0000000000000000"
3662,"61.0000000000000000"
4254,"66.0000000000000000"
5337,"62.0000000000000000"
5430,"50.0000000000000000"
6630,"52.0000000000000000"
297,"30.0000000000000000"
501,"33.0000000000000000"
826,"67.0000000000000000"
2339,"53.0000000000000000"
3025,"73.0000000000000000"
4803,"75.0000000000000000"
5893,"36.0000000000000000"
876,"35.0000000000000000"
1318,"54.0000000000000000"
1477,"57.0000000000000000"
2084,"54.0000000000000000"
2354,"44.0000000000000000"
3407,"70.0000000000000000"
3703,"68.0000000000000000"
4085,"46.0000000000000000"
4625,"70.0000000000000000"
4866,"52.0000000000000000"
1278,"62.0000000000000000"
2037,"51.0000000000000000"
2567,"49.0000000000000000"
2829,"57.0000000000000000"
2918,"41.0000000000000000"
3362,"59.0000000000000000"
5615,"65.0000000000000000"
2008,"65.0000000000000000"
3031,"56.0000000000000000"
3500,"40.0000000000000000"
5079,"36.0000000000000000"
5967,"59.0000000000000000"
6375,"74.0000000000000000"
1551,"44.0000000000000000"
2041,"49.0000000000000000"
2666,"42.0000000000000000"
3348,"53.0000000000000000"
3518,"37.0000000000000000"
4205,"63.0000000000000000"
6346,"49.0000000000000000"
6433,"34.0000000000000000"
1471,"52.0000000000000000"
1808,"77.0000000000000000"
2017,"39.0000000000000000"
4483,"32.0000000000000000"
4639,"39.0000000000000000"
4901,"29.0000000000000000"
5357,"56.0000000000000000"
6214,"57.0000000000000000"
575,"52.0000000000000000"
753,"67.0000000000000000"
999,"74.0000000000000000"
1534,"59.0000000000000000"
1773,"66.0000000000000000"
1890,"68.0000000000000000"
2609,"56.0000000000000000"
2864,"27.0000000000000000"
3134,"72.0000000000000000"
3302,"56.0000000000000000"
3999,"64.0000000000000000"
4450,"37.0000000000000000"
6376,"61.0000000000000000"
6622,"53.0000000000000000"
87,"40.0000000000000000"
859,"56.0000000000000000"
1170,"33.0000000000000000"
2511,"68.0000000000000000"
3427,"64.0000000000000000"
5385,"37.0000000000000000"
4643,"51.0000000000000000"
4850,"33.0000000000000000"
5689,"38.0000000000000000"
600,"69.0000000000000000"
2053,"66.0000000000000000"
2256,"28.0000000000000000"
2947,"49.0000000000000000"
3834,"68.0000000000000000"
4414,"49.0000000000000000"
5901,"68.0000000000000000"
214,"40.0000000000000000"
423,"45.0000000000000000"
1138,"42.0000000000000000"
1977,"43.0000000000000000"
2328,"49.0000000000000000"
2990,"61.0000000000000000"
3658,"44.0000000000000000"
4471,"41.0000000000000000"
4767,"55.0000000000000000"
5505,"47.0000000000000000"
5850,"71.0000000000000000"
484,"46.0000000000000000"
855,"37.0000000000000000"
2709,"43.0000000000000000"
5556,"74.0000000000000000"
5648,"42.0000000000000000"
114,"30.0000000000000000"
470,"38.0000000000000000"
1446,"53.0000000000000000"
3466,"47.0000000000000000"
4775,"46.0000000000000000"
1065,"52.0000000000000000"
1457,"28.0000000000000000"
3363,"58.0000000000000000"
3994,"46.0000000000000000"
4340,"54.0000000000000000"
4902,"68.0000000000000000"
5360,"39.0000000000000000"
5665,"60.0000000000000000"
5977,"37.0000000000000000"
6742,"61.0000000000000000"
280,"36.0000000000000000"
475,"57.0000000000000000"
1350,"46.0000000000000000"
2707,"78.0000000000000000"
2928,"52.0000000000000000"
4534,"47.0000000000000000"
4715,"65.0000000000000000"
4814,"42.0000000000000000"
5878,"57.0000000000000000"
6076,"32.0000000000000000"
609,"55.0000000000000000"
1414,"68.0000000000000000"
1713,"37.0000000000000000"
1991,"49.0000000000000000"
2082,"56.0000000000000000"
2798,"34.0000000000000000"
3763,"64.0000000000000000"
4091,"36.0000000000000000"
4372,"77.0000000000000000"
4609,"66.0000000000000000"
4949,"30.0000000000000000"
6004,"73.0000000000000000"
304,"29.0000000000000000"
700,"35.0000000000000000"
1708,"29.0000000000000000"
1918,"74.0000000000000000"
2067,"61.0000000000000000"
3632,"65.0000000000000000"
4332,"56.0000000000000000"
4875,"41.0000000000000000"
5108,"27.0000000000000000"
5683,"45.0000000000000000"
5976,"82.0000000000000000"
6229,"48.0000000000000000"
6478,"44.0000000000000000"
1295,"38.0000000000000000"
1829,"47.0000000000000000"
2135,"46.0000000000000000"
2719,"42.0000000000000000"
3016,"41.0000000000000000"
4065,"49.0000000000000000"
4911,"58.0000000000000000"
5338,"67.0000000000000000"
6086,"56.0000000000000000"
6457,"73.0000000000000000"
330,"73.0000000000000000"
626,"50.0000000000000000"
857,"50.0000000000000000"
2679,"76.0000000000000000"
3098,"32.0000000000000000"
3344,"53.0000000000000000"
4428,"61.0000000000000000"
5198,"53.0000000000000000"
5368,"51.0000000000000000"
5513,"47.0000000000000000"
5742,"59.0000000000000000"
6107,"58.0000000000000000"
6729,"66.0000000000000000"
904,"72.0000000000000000"
1459,"42.0000000000000000"
2636,"71.0000000000000000"
2816,"56.0000000000000000"
3341,"41.0000000000000000"
3657,"73.0000000000000000"
5032,"37.0000000000000000"
6763,"62.0000000000000000"
5649,"53.0000000000000000"
6430,"65.0000000000000000"
182,"72.0000000000000000"
621,"57.0000000000000000"
967,"51.0000000000000000"
1422,"73.0000000000000000"
1891,"56.0000000000000000"
2307,"51.0000000000000000"
3245,"37.0000000000000000"
3319,"53.0000000000000000"
3970,"76.0000000000000000"
4303,"57.0000000000000000"
5358,"46.0000000000000000"
5793,"63.0000000000000000"
6203,"49.0000000000000000"
642,"77.0000000000000000"
1119,"42.0000000000000000"
1861,"38.0000000000000000"
2168,"63.0000000000000000"
2853,"49.0000000000000000"
3299,"36.0000000000000000"
4285,"72.0000000000000000"
5210,"72.0000000000000000"
5400,"59.0000000000000000"
5553,"45.0000000000000000"
6031,"58.0000000000000000"
919,"38.0000000000000000"
1097,"51.0000000000000000"
1447,"39.0000000000000000"
2105,"74.0000000000000000"
2598,"31.0000000000000000"
3469,"64.0000000000000000"
3932,"71.0000000000000000"
5344,"58.0000000000000000"
6707,"76.0000000000000000"
10,"65.0000000000000000"
387,"48.0000000000000000"
586,"38.0000000000000000"
710,"58.0000000000000000"
1658,"70.0000000000000000"
2227,"30.0000000000000000"
2668,"41.0000000000000000"
3312,"56.0000000000000000"
4212,"39.0000000000000000"
6250,"68.0000000000000000"
6692,"71.0000000000000000"
1960,"61.0000000000000000"
3460,"29.0000000000000000"
4250,"34.0000000000000000"
4504,"52.0000000000000000"
5089,"59.0000000000000000"
5950,"49.0000000000000000"
205,"60.0000000000000000"
853,"71.0000000000000000"
1196,"51.0000000000000000"
1598,"53.0000000000000000"
2406,"40.0000000000000000"
4299,"56.0000000000000000"
4721,"75.0000000000000000"
4886,"40.0000000000000000"
5851,"76.0000000000000000"
6303,"49.0000000000000000"
292,"37.0000000000000000"
384,"36.0000000000000000"
1296,"70.0000000000000000"
1978,"39.0000000000000000"
3303,"76.0000000000000000"
3953,"63.0000000000000000"
4199,"57.0000000000000000"
4773,"59.0000000000000000"
5217,"46.0000000000000000"
5870,"54.0000000000000000"
5964,"59.0000000000000000"
6082,"69.0000000000000000"
206,"30.0000000000000000"
595,"70.0000000000000000"
2310,"67.0000000000000000"
2880,"67.0000000000000000"
3585,"64.0000000000000000"
4515,"67.0000000000000000"
5636,"56.0000000000000000"
6132,"50.0000000000000000"
6540,"70.0000000000000000"
301,"61.0000000000000000"
1057,"49.0000000000000000"
1408,"55.0000000000000000"
1453,"61.0000000000000000"
1882,"65.0000000000000000"
2111,"60.0000000000000000"
2360,"32.0000000000000000"
3207,"55.0000000000000000"
3304,"44.0000000000000000"
4122,"54.0000000000000000"
4683,"45.0000000000000000"
5470,"75.0000000000000000"
6116,"29.0000000000000000"
6393,"59.0000000000000000"
6643,"41.0000000000000000"
91,"50.0000000000000000"
756,"34.0000000000000000"
1680,"57.0000000000000000"
2047,"42.0000000000000000"
2866,"36.0000000000000000"
3631,"56.0000000000000000"
4316,"73.0000000000000000"
5364,"40.0000000000000000"
5605,"48.0000000000000000"
9,"75.0000000000000000"
448,"55.0000000000000000"
1203,"73.0000000000000000"
2010,"34.0000000000000000"
4305,"72.0000000000000000"
4687,"60.0000000000000000"
4940,"31.0000000000000000"
5175,"73.0000000000000000"
5753,"38.0000000000000000"
5996,"45.0000000000000000"
6435,"50.0000000000000000"
6562,"31.0000000000000000"
872,"42.0000000000000000"
1652,"69.0000000000000000"
2000,"44.0000000000000000"
3380,"68.0000000000000000"
4060,"58.0000000000000000"
4177,"69.0000000000000000"
4635,"63.0000000000000000"
6568,"64.0000000000000000"
6743,"46.0000000000000000"
1343,"55.0000000000000000"
1519,"39.0000000000000000"
2076,"76.0000000000000000"
2136,"58.0000000000000000"
2650,"46.0000000000000000"
2793,"54.0000000000000000"
3012,"45.0000000000000000"
3847,"57.0000000000000000"
4607,"21.0000000000000000"
4654,"72.0000000000000000"
4941,"76.0000000000000000"
1526,"56.0000000000000000"
1839,"70.0000000000000000"
2268,"53.0000000000000000"
3069,"53.0000000000000000"
4039,"70.0000000000000000"
4446,"30.0000000000000000"
6021,"28.0000000000000000"
74,"66.0000000000000000"
1959,"32.0000000000000000"
2169,"81.0000000000000000"
3422,"27.0000000000000000"
3613,"79.0000000000000000"
4485,"47.0000000000000000"
4929,"27.0000000000000000"
5676,"73.0000000000000000"
6590,"53.0000000000000000"
1496,"37.0000000000000000"
2589,"71.0000000000000000"
3668,"66.0000000000000000"
4978,"46.0000000000000000"
5487,"73.0000000000000000"
6270,"57.0000000000000000"
884,"34.0000000000000000"
1495,"38.0000000000000000"
1782,"48.0000000000000000"
1928,"31.0000000000000000"
2195,"58.0000000000000000"
4005,"64.0000000000000000"
4759,"60.0000000000000000"
4933,"66.0000000000000000"
648,"49.0000000000000000"
1171,"59.0000000000000000"
1354,"67.0000000000000000"
1901,"65.0000000000000000"
2181,"49.0000000000000000"
3051,"59.0000000000000000"
3203,"21.0000000000000000"
3843,"53.0000000000000000"
5698,"72.0000000000000000"
6653,"60.0000000000000000"
271,"38.0000000000000000"
1238,"71.0000000000000000"
1802,"74.0000000000000000"
3145,"38.0000000000000000"
3336,"47.0000000000000000"
3506,"74.0000000000000000"
4325,"58.0000000000000000"
6764,"71.0000000000000000"
5421,"64.0000000000000000"
6108,"38.0000000000000000"
6379,"45.0000000000000000"
656,"30.0000000000000000"
715,"73.0000000000000000"
1086,"32.0000000000000000"
1504,"25.0000000000000000"
1675,"47.0000000000000000"
3041,"76.0000000000000000"
4214,"27.0000000000000000"
5915,"62.0000000000000000"
6064,"56.0000000000000000"
225,"72.0000000000000000"
1163,"64.0000000000000000"
2200,"39.0000000000000000"
2382,"59.0000000000000000"
2957,"35.0000000000000000"
4626,"67.0000000000000000"
5392,"38.0000000000000000"
6114,"57.0000000000000000"
481,"39.0000000000000000"
739,"44.0000000000000000"
834,"29.0000000000000000"
1175,"68.0000000000000000"
1425,"75.0000000000000000"
2327,"64.0000000000000000"
2535,"55.0000000000000000"
2963,"61.0000000000000000"
4535,"40.0000000000000000"
5284,"64.0000000000000000"
6491,"30.0000000000000000"
222,"50.0000000000000000"
720,"44.0000000000000000"
1573,"62.0000000000000000"
2070,"50.0000000000000000"
3276,"23.0000000000000000"
3795,"37.0000000000000000"
4615,"73.0000000000000000"
6301,"61.0000000000000000"
338,"65.0000000000000000"
661,"76.0000000000000000"
1187,"43.0000000000000000"
1510,"40.0000000000000000"
1645,"73.0000000000000000"
2356,"29.0000000000000000"
3306,"44.0000000000000000"
6700,"73.0000000000000000"
198,"41.0000000000000000"
513,"76.0000000000000000"
727,"78.0000000000000000"
1094,"66.0000000000000000"
1508,"45.0000000000000000"
2987,"41.0000000000000000"
3485,"45.0000000000000000"
4971,"57.0000000000000000"
6617,"49.0000000000000000"
1735,"65.0000000000000000"
3311,"70.0000000000000000"
3455,"59.0000000000000000"
4009,"33.0000000000000000"
5444,"43.0000000000000000"
5700,"33.0000000000000000"
5897,"59.0000000000000000"
6573,"46.0000000000000000"
515,"71.0000000000000000"
697,"58.0000000000000000"
2591,"68.0000000000000000"
3009,"60.0000000000000000"
3281,"32.0000000000000000"
3323,"62.0000000000000000"
3872,"63.0000000000000000"
4288,"39.0000000000000000"
5145,"65.0000000000000000"
5586,"37.0000000000000000"
6000,"31.0000000000000000"
6488,"63.0000000000000000"
6757,"31.0000000000000000"
183,"40.0000000000000000"
1210,"69.0000000000000000"
1382,"35.0000000000000000"
1899,"66.0000000000000000"
3369,"51.0000000000000000"
4498,"48.0000000000000000"
5947,"46.0000000000000000"
6141,"34.0000000000000000"
382,"54.0000000000000000"
2035,"51.0000000000000000"
2762,"47.0000000000000000"
2857,"49.0000000000000000"
3236,"65.0000000000000000"
5056,"29.0000000000000000"
6221,"39.0000000000000000"
329,"67.0000000000000000"
465,"40.0000000000000000"
650,"74.0000000000000000"
900,"38.0000000000000000"
1309,"35.0000000000000000"
2340,"32.0000000000000000"
4043,"69.0000000000000000"
4264,"41.0000000000000000"
4788,"32.0000000000000000"
6046,"55.0000000000000000"
6182,"78.0000000000000000"
66,"33.0000000000000000"
688,"46.0000000000000000"
1924,"42.0000000000000000"
2463,"62.0000000000000000"
3679,"42.0000000000000000"
4351,"53.0000000000000000"
4699,"65.0000000000000000"
5313,"42.0000000000000000"
100,"47.0000000000000000"
1129,"68.0000000000000000"
2560,"41.0000000000000000"
2662,"50.0000000000000000"
2959,"57.0000000000000000"
4747,"62.0000000000000000"
5481,"43.0000000000000000"
6089,"60.0000000000000000"
1310,"51.0000000000000000"
1497,"71.0000000000000000"
3154,"72.0000000000000000"
3263,"74.0000000000000000"
4377,"24.0000000000000000"
6158,"76.0000000000000000"
6471,"74.0000000000000000"
6719,"32.0000000000000000"
663,"52.0000000000000000"
1059,"74.0000000000000000"
1279,"25.0000000000000000"
2683,"41.0000000000000000"
1940,"77.0000000000000000"
3420,"38.0000000000000000"
3905,"42.0000000000000000"
4665,"52.0000000000000000"
5970,"57.0000000000000000"
6232,"68.0000000000000000"
694,"43.0000000000000000"
1515,"35.0000000000000000"
1581,"60.0000000000000000"
3006,"75.0000000000000000"
3271,"74.0000000000000000"
4879,"46.0000000000000000"
5276,"72.0000000000000000"
6658,"57.0000000000000000"
394,"37.0000000000000000"
1442,"53.0000000000000000"
3274,"59.0000000000000000"
5051,"53.0000000000000000"
5345,"57.0000000000000000"
6499,"42.0000000000000000"
273,"64.0000000000000000"
794,"48.0000000000000000"
1044,"43.0000000000000000"
1629,"51.0000000000000000"
2050,"47.0000000000000000"
2209,"45.0000000000000000"
2953,"76.0000000000000000"
3508,"65.0000000000000000"
4674,"44.0000000000000000"
5786,"62.0000000000000000"
6017,"71.0000000000000000"
6613,"40.0000000000000000"
361,"43.0000000000000000"
1101,"54.0000000000000000"
1272,"56.0000000000000000"
2106,"41.0000000000000000"
2584,"53.0000000000000000"
3305,"57.0000000000000000"
4733,"55.0000000000000000"
6124,"37.0000000000000000"
751,"33.0000000000000000"
992,"72.0000000000000000"
1247,"56.0000000000000000"
1465,"78.0000000000000000"
1686,"73.0000000000000000"
2642,"61.0000000000000000"
2907,"66.0000000000000000"
3408,"50.0000000000000000"
4488,"35.0000000000000000"
6470,"59.0000000000000000"
5,"59.0000000000000000"
374,"53.0000000000000000"
721,"50.0000000000000000"
1130,"75.0000000000000000"
2449,"49.0000000000000000"
3755,"61.0000000000000000"
4521,"77.0000000000000000"
4977,"40.0000000000000000"
94,"59.0000000000000000"
1197,"50.0000000000000000"
1633,"60.0000000000000000"
1930,"59.0000000000000000"
6451,"58.0000000000000000"
389,"57.0000000000000000"
712,"30.0000000000000000"
972,"52.0000000000000000"
1811,"53.0000000000000000"
2126,"70.0000000000000000"
3383,"41.0000000000000000"
3594,"68.0000000000000000"
4337,"32.0000000000000000"
4694,"37.0000000000000000"
5891,"57.0000000000000000"
6035,"52.0000000000000000"
2604,"46.0000000000000000"
2761,"71.0000000000000000"
3496,"56.0000000000000000"
4950,"55.0000000000000000"
6762,"45.0000000000000000"
5825,"58.0000000000000000"
251,"32.0000000000000000"
618,"62.0000000000000000"
1595,"36.0000000000000000"
2087,"67.0000000000000000"
3334,"55.0000000000000000"
3950,"53.0000000000000000"
4378,"46.0000000000000000"
4714,"34.0000000000000000"
4777,"31.0000000000000000"
5619,"69.0000000000000000"
6649,"76.0000000000000000"
596,"58.0000000000000000"
910,"40.0000000000000000"
1751,"50.0000000000000000"
1952,"51.0000000000000000"
2814,"59.0000000000000000"
3425,"31.0000000000000000"
4525,"51.0000000000000000"
4661,"37.0000000000000000"
5533,"65.0000000000000000"
6101,"71.0000000000000000"
95,"69.0000000000000000"
944,"34.0000000000000000"
1066,"53.0000000000000000"
1592,"71.0000000000000000"
2461,"60.0000000000000000"
3039,"40.0000000000000000"
3768,"45.0000000000000000"
4277,"57.0000000000000000"
4658,"57.0000000000000000"
6111,"72.0000000000000000"
559,"49.0000000000000000"
860,"43.0000000000000000"
1724,"68.0000000000000000"
4409,"67.0000000000000000"
5534,"34.0000000000000000"
5908,"72.0000000000000000"
597,"42.0000000000000000"
1417,"32.0000000000000000"
1714,"68.0000000000000000"
1919,"74.0000000000000000"
3256,"40.0000000000000000"
5286,"48.0000000000000000"
5526,"54.0000000000000000"
5905,"38.0000000000000000"
6231,"39.0000000000000000"
258,"43.0000000000000000"
723,"51.0000000000000000"
930,"41.0000000000000000"
1498,"45.0000000000000000"
2553,"81.0000000000000000"
3777,"41.0000000000000000"
3914,"31.0000000000000000"
4114,"38.0000000000000000"
5703,"56.0000000000000000"
5888,"57.0000000000000000"
6042,"81.0000000000000000"
6150,"59.0000000000000000"
410,"51.0000000000000000"
610,"69.0000000000000000"
719,"40.0000000000000000"
1060,"58.0000000000000000"
1929,"58.0000000000000000"
2101,"60.0000000000000000"
2282,"63.0000000000000000"
3190,"76.0000000000000000"
3412,"38.0000000000000000"
3725,"73.0000000000000000"
4612,"50.0000000000000000"
5033,"50.0000000000000000"
5764,"44.0000000000000000"
6750,"58.0000000000000000"
314,"47.0000000000000000"
757,"51.0000000000000000"
2123,"55.0000000000000000"
2824,"79.0000000000000000"
3445,"43.0000000000000000"
3690,"65.0000000000000000"
5440,"60.0000000000000000"
6090,"38.0000000000000000"
303,"42.0000000000000000"
560,"69.0000000000000000"
1319,"55.0000000000000000"
1493,"54.0000000000000000"
1662,"65.0000000000000000"
2020,"57.0000000000000000"
2407,"50.0000000000000000"
2818,"32.0000000000000000"
3827,"59.0000000000000000"
4421,"64.0000000000000000"
5673,"34.0000000000000000"
6372,"28.0000000000000000"
6563,"78.0000000000000000"
579,"58.0000000000000000"
689,"34.0000000000000000"
724,"36.0000000000000000"
1499,"48.0000000000000000"
3960,"41.0000000000000000"
4919,"38.0000000000000000"
6334,"67.0000000000000000"
1577,"75.0000000000000000"
2197,"34.0000000000000000"
2509,"50.0000000000000000"
3514,"47.0000000000000000"
4588,"70.0000000000000000"
5929,"47.0000000000000000"
6335,"33.0000000000000000"
375,"79.0000000000000000"
555,"45.0000000000000000"
622,"74.0000000000000000"
1975,"77.0000000000000000"
2831,"64.0000000000000000"
3085,"37.0000000000000000"
3418,"68.0000000000000000"
3915,"78.0000000000000000"
4443,"71.0000000000000000"
5686,"63.0000000000000000"
6120,"45.0000000000000000"
6274,"44.0000000000000000"
6364,"39.0000000000000000"
89,"59.0000000000000000"
805,"59.0000000000000000"
2836,"62.0000000000000000"
3298,"63.0000000000000000"
5506,"35.0000000000000000"
6159,"48.0000000000000000"
6492,"47.0000000000000000"
592,"36.0000000000000000"
737,"34.0000000000000000"
1108,"42.0000000000000000"
1387,"45.0000000000000000"
2311,"56.0000000000000000"
2887,"38.0000000000000000"
3283,"45.0000000000000000"
4341,"72.0000000000000000"
5025,"63.0000000000000000"
5437,"58.0000000000000000"
5652,"71.0000000000000000"
672,"62.0000000000000000"
1578,"77.0000000000000000"
4506,"59.0000000000000000"
4762,"57.0000000000000000"
6081,"50.0000000000000000"
6503,"52.0000000000000000"
649,"34.0000000000000000"
1040,"42.0000000000000000"
1461,"72.0000000000000000"
2497,"45.0000000000000000"
2758,"33.0000000000000000"
2991,"60.0000000000000000"
3458,"58.0000000000000000"
3830,"48.0000000000000000"
6685,"53.0000000000000000"
420,"50.0000000000000000"
662,"64.0000000000000000"
791,"40.0000000000000000"
1164,"49.0000000000000000"
2939,"40.0000000000000000"
3867,"39.0000000000000000"
4290,"60.0000000000000000"
4400,"43.0000000000000000"
5100,"45.0000000000000000"
5956,"63.0000000000000000"
6701,"42.0000000000000000"
1,"31.0000000000000000"
1923,"60.0000000000000000"
3804,"37.0000000000000000"
4876,"37.0000000000000000"
5428,"36.0000000000000000"
6452,"41.0000000000000000"
6703,"46.0000000000000000"
116,"46.0000000000000000"
761,"61.0000000000000000"
932,"52.0000000000000000"
1217,"76.0000000000000000"
1617,"30.0000000000000000"
1849,"46.0000000000000000"
2055,"49.0000000000000000"
2841,"30.0000000000000000"
5983,"31.0000000000000000"
6016,"48.0000000000000000"
845,"76.0000000000000000"
1832,"32.0000000000000000"
2740,"69.0000000000000000"
3622,"78.0000000000000000"
3979,"30.0000000000000000"
5749,"49.0000000000000000"
6633,"52.0000000000000000"
1301,"43.0000000000000000"
2203,"37.0000000000000000"
2569,"30.0000000000000000"
3621,"39.0000000000000000"
4051,"60.0000000000000000"
4831,"66.0000000000000000"
158,"66.0000000000000000"
1290,"37.0000000000000000"
2441,"62.0000000000000000"
3681,"60.0000000000000000"
4511,"68.0000000000000000"
4684,"35.0000000000000000"
5606,"74.0000000000000000"
5708,"32.0000000000000000"
5960,"37.0000000000000000"
6014,"51.0000000000000000"
6193,"47.0000000000000000"
6635,"63.0000000000000000"
82,"36.0000000000000000"
2518,"63.0000000000000000"
2644,"41.0000000000000000"
3280,"40.0000000000000000"
3486,"60.0000000000000000"
5297,"34.0000000000000000"
5802,"25.0000000000000000"
6675,"60.0000000000000000"
2025,"62.0000000000000000"
2270,"49.0000000000000000"
3701,"65.0000000000000000"
4618,"38.0000000000000000"
4909,"31.0000000000000000"
5578,"55.0000000000000000"
6404,"39.0000000000000000"
6623,"81.0000000000000000"
6738,"50.0000000000000000"
497,"36.0000000000000000"
1071,"34.0000000000000000"
1709,"62.0000000000000000"
2348,"65.0000000000000000"
3342,"44.0000000000000000"
1008,"64.0000000000000000"
2430,"32.0000000000000000"
3352,"38.0000000000000000"
3748,"63.0000000000000000"
5687,"46.0000000000000000"
6724,"50.0000000000000000"
152,"47.0000000000000000"
1207,"69.0000000000000000"
1377,"61.0000000000000000"
1606,"65.0000000000000000"
1920,"62.0000000000000000"
2856,"72.0000000000000000"
3277,"25.0000000000000000"
4501,"50.0000000000000000"
5194,"44.0000000000000000"
5519,"44.0000000000000000"
6509,"78.0000000000000000"
476,"38.0000000000000000"
1052,"72.0000000000000000"
1743,"42.0000000000000000"
3157,"45.0000000000000000"
5255,"50.0000000000000000"
6475,"42.0000000000000000"
477,"73.0000000000000000"
643,"45.0000000000000000"
1152,"49.0000000000000000"
1333,"58.0000000000000000"
1659,"50.0000000000000000"
2657,"77.0000000000000000"
2898,"63.0000000000000000"
3852,"46.0000000000000000"
5342,"43.0000000000000000"
5634,"26.0000000000000000"
30,"33.0000000000000000"
195,"47.0000000000000000"
993,"41.0000000000000000"
1774,"67.0000000000000000"
2648,"54.0000000000000000"
2979,"60.0000000000000000"
3676,"62.0000000000000000"
4041,"34.0000000000000000"
4147,"66.0000000000000000"
4859,"56.0000000000000000"
6067,"61.0000000000000000"
1690,"64.0000000000000000"
2404,"56.0000000000000000"
3313,"54.0000000000000000"
3559,"69.0000000000000000"
4018,"65.0000000000000000"
4121,"38.0000000000000000"
4224,"65.0000000000000000"
4810,"45.0000000000000000"
5295,"53.0000000000000000"
5381,"43.0000000000000000"
6271,"45.0000000000000000"
1244,"37.0000000000000000"
2249,"45.0000000000000000"
3045,"51.0000000000000000"
3817,"53.0000000000000000"
4481,"68.0000000000000000"
5160,"44.0000000000000000"
6304,"48.0000000000000000"
1315,"41.0000000000000000"
2924,"49.0000000000000000"
3324,"43.0000000000000000"
3935,"77.0000000000000000"
5844,"49.0000000000000000"
